Workbook

Sheet Project Groups
A1: PROJECT GROUP FORMATION & EVALUATION (Batch-2)
A2: Evaluation scheme: Project Design & Implementation (40) + Presentation & Demonstration (30) + Viva / Technical Understanding (30) = 100
A3: Enter marks only in the yellow cells. Total Marks is calculated automatically after all three components are entered.
A4: Total Groups | B4: =COUNTA(A7:A18) -> 12 | D4: Total Students | E4: =SUM(F7:F18) -> 0 | G4: Evaluated Groups | H4: =COUNT(L7:L18) -> 0 | J4: Average Marks | K4: =IFERROR(AVERAGE(L7:L18),"")
A6: Group ID | B6: Department(s) | C6: Semester | D6: Project Technology | E6: Project Title | F6: No. of Members | G6: Team Members | H6: University Roll Numbers | I6: Project Design & Implementation (40) | J6: Presentation & Demonstration (30) | K6: Viva / Technical Understanding (30) | L6: Total Marks (100)
A7: Group-01 | B7: CSE(AIML) | C7: 5th | D7: ML with Python | E7: Behind the Feed: Multimodal Machine Learning for Mental Health Detection on Social Media | F7: =COUNTIF('Student Roster'!$A$5:$A$52,A7) -> 0 | G7: 1. ANURUPA TEWARY 2. Puja Sinha | H7: 1. 108308240010 2. 108308240057 | L7: =IF(COUNT(I7:K7)<3,"",SUM(I7:K7))
A8: Group-02 | B8: CSE(AIML) | C8: 5th | D8: ML with Python | E8: DepositIQ: Data-Leakage- Aware & Bank Deposit Predictor | F8: =COUNTIF('Student Roster'!$A$5:$A$52,A8) -> 0 | G8: 1. Ananya Brahma 2. Obaidullah Ansari 3. Aryan Baitha | H8: 1. 108308240005 2. 108308240024 3. 108308240047 | L8: =IF(COUNT(I8:K8)<3,"",SUM(I8:K8))
A9: Group-03 | B9: IT, CSE(AIML) | C9: 5th | D9: ML with Python | E9: Multi-Class EEG Signal Classification Using Machine Learning | F9: =COUNTIF('Student Roster'!$A$5:$A$52,A9) -> 0 | G9: 1. Surabhi Bharati 2. Shiwangi Chaudhary 3. Anshika Raj 4. Rifat Jahan 5. Sanjog Dey | H9: 1. 108002240118 2. 108002240101 3. 108308240009 4. 108002240137 5. 108002240095 | L9: =IF(COUNT(I9:K9)<3,"",SUM(I9:K9))
A10: Group-04 | B10: CSE(AI&ML), CSE(IOT) | C10: 5th | D10: ML with Python | E10: EV BATTERY LIFE PREDICTION | F10: =COUNTIF('Student Roster'!$A$5:$A$52,A10) -> 0 | G10: 1. Ankit Debnath 2. Anish Kumar Burnwal 3. SRIJAN SAHA | H10: 1. 108308240007 2. 108308240006 3. 108309240026 | L10: =IF(COUNT(I10:K10)<3,"",SUM(I10:K10))
A11: Group-05 | B11: IT | C11: 5th | D11: ML with Python | E11: AI-Powered Network Intrusion Detection & Threat Analysis | F11: =COUNTIF('Student Roster'!$A$5:$A$52,A11) -> 0 | G11: 1. Rishika Kaur 2. Rima Mondal 3. Himesh Kumar Singh 4. Priyanshu Piyush 5. Gaurav Abhishek | H11: 1. 108002240083 2. 108002240080 3. 108002240055 4. 108002240077 5. 108002240051 | L11: =IF(COUNT(I11:K11)<3,"",SUM(I11:K11))
A12: Group-06 | B12: IT | C12: 5th | D12: ML with Python | E12: TerraShift— Explore how small changes can reshape our world. | F12: =COUNTIF('Student Roster'!$A$5:$A$52,A12) -> 0 | G12: 1. Zayed Ahmed 2. Amitesh Raj Ranjan 3. Riyan Reza 4. Sarfaraj Alam 5. Ayush Pratap | H12: 1. 108002240127 2. 108308240045 3. 108308240030 4. 108002240139 5. 108002240040 | L12: =IF(COUNT(I12:K12)<3,"",SUM(I12:K12))
A13: Group-07 | B13: CSE(AIML) | C13: 5th | D13: ML with Python | E13: SPAM EMAIL DETECTION | F13: =COUNTIF('Student Roster'!$A$5:$A$52,A13) -> 0 | G13: 1. RAGHAW CHOWDHARY 2. ANKIT RAJ 3. PIYUSH RAJ YADAV 4. BITTU MONDAL | H13: 1. 108308240028 2. 108308240008 3. 108308240056 4. 108308240015 | L13: =IF(COUNT(I13:K13)<3,"",SUM(I13:K13))
A14: Group-08 | B14: IT | C14: 5th | D14: ML with Python | E14: Obesity Level Prediction Using Machine Learning Based on Eating Habits and Physical Activity | F14: =COUNTIF('Student Roster'!$A$5:$A$52,A14) -> 0 | G14: 1. Amit Kumar Sharma 2. Aditya Kumar Singh 3. Abhibrato Chakraborty 4. Amrit Anand | H14: 1. 108002240012 2. 108002240004 3. 108002240002 4. 108002240013 | L14: =IF(COUNT(I14:K14)<3,"",SUM(I14:K14))
A15: Group-09 | B15: IT | C15: 5th | D15: ML with Python | E15: Fake News Detection Using Machine Learning | F15: =COUNTIF('Student Roster'!$A$5:$A$52,A15) -> 0 | G15: 1. Sumit Bhandari | H15: 1. 108002240115 | L15: =IF(COUNT(I15:K15)<3,"",SUM(I15:K15))
A16: Group-10 | B16: CSE(IOT), AIML, IT | C16: 5th | D16: ML with Python | E16: ClientAnchor : Securing relationships, preventing drift. | F16: =COUNTIF('Student Roster'!$A$5:$A$52,A16) -> 0 | G16: 1. Mohit Yadav 2. Bhagwat Narayan 3. Anurag Singh 4. Ambreen Anjum 5. Harsh Ray | H16: 1. 108309240019 2. 108002240042 3. 108002240023 4. 108002240011 5. 108308240017 | L16: =IF(COUNT(I16:K16)<3,"",SUM(I16:K16))
A17: Group-11 | B17: CSE(AIML) | C17: 5th | D17: ML with Python | E17: "AAVYA" - An Heredity AI — Intergenerational Women's Health Risk Intelligence | F17: =COUNTIF('Student Roster'!$A$5:$A$52,A17) -> 0 | G17: 1. Pratyush Dutta 2. Ashif Hussain Ansari 3. Priya Bouri 4. Sayan Goswami 5. Amit Mondal 6. Saptarshi Roy | H17: 1. 108308240025 2. 108308240012 3. 108308240026 4. 108308240060 5. 108308240044 6. 108308240033 | L17: =IF(COUNT(I17:K17)<3,"",SUM(I17:K17))
A18: Group-12 | B18: IT | C18: 5th | D18: ML with Python | E18: MANAS : A MACHINE LEARNING BASED MENTAL HEALTH SCORING SYSTEM | F18: =COUNTIF('Student Roster'!$A$5:$A$52,A18) -> 0 | G18: 1. SUBHAM PAL 2. ANWESHA MAJI 3. TUSHAR SINGH 4. SOUVIK MAJI 5. SAYONDEEP MONDAL | H18: 1. 108002240111 2. 108002240025 3. 108002251020 4. 108002240108 5. 108002240098 | L18: =IF(COUNT(I18:K18)<3,"",SUM(I18:K18))

Sheet Student Roster
A1: NORMALIZED STUDENT ROSTER
A2: One student per row, linked to the corresponding project group for easier filtering, communication, and record keeping.
A4: Group ID | B4: Department(s) | C4: Semester | D4: Project Technology | E4: Project Title | F4: Member No. | G4: University Roll Number | H4: Student Name | I4: Email ID | J4: Contact Number
A5: PG-01 | B5: CSE(AIML) | C5: 5th | D5: ML with Python | E5: Behind the Feed: Multimodal Machine Learning for Mental Health Detection on Social Media | F5: 1 | G5: 108308240010 | H5: ANURUPA TEWARY | I5: tewaryanurupa@gmail.com | J5: 9339609081
A6: PG-01 | B6: CSE(AIML) | C6: 5th | D6: ML with Python | E6: Behind the Feed: Multimodal Machine Learning for Mental Health Detection on Social Media | F6: 2 | G6: 108308240057 | H6: Puja Sinha | I6: pujasinha1607@gmail.com | J6: 9942545845
A7: PG-02 | B7: CSE(AIML) | C7: 5th | D7: ML with Python | E7: DepositIQ: Data-Leakage- Aware & Bank Deposit Predictor | F7: 1 | G7: 108308240005 | H7: Ananya Brahma | I7: ananyabrahma79@gmail.com | J7: 8240762628
A8: PG-02 | B8: CSE(AIML) | C8: 5th | D8: ML with Python | E8: DepositIQ: Data-Leakage- Aware & Bank Deposit Predictor | F8: 2 | G8: 108308240024 | H8: Obaidullah Ansari | I8: obaidullahansari211@gmail.com | J8: 9134123943
A9: PG-02 | B9: CSE(AIML) | C9: 5th | D9: ML with Python | E9: DepositIQ: Data-Leakage- Aware & Bank Deposit Predictor | F9: 3 | G9: 108308240047 | H9: Aryan Baitha | I9: aryan10killer@gmail.com | J9: 8918380212
A10: PG-03 | B10: IT, CSE(AIML) | C10: 5th | D10: ML with Python | E10: Multi-Class EEG Signal Classification Using Machine Learning | F10: 1 | G10: 108002240118 | H10: Surabhi Bharati | I10: bharatisurabhi92@gmail.com | J10: 9932005505
A11: PG-03 | B11: IT, CSE(AIML) | C11: 5th | D11: ML with Python | E11: Multi-Class EEG Signal Classification Using Machine Learning | F11: 2 | G11: 108002240101 | H11: Shiwangi Chaudhary | I11: shiwangi06006@gmail.com | J11: 8757989850
A12: PG-03 | B12: IT, CSE(AIML) | C12: 5th | D12: ML with Python | E12: Multi-Class EEG Signal Classification Using Machine Learning | F12: 3 | G12: 108308240009 | H12: Anshika Raj | I12: anshikabytes@gmail.com | J12: 7004821459
A13: PG-03 | B13: IT, CSE(AIML) | C13: 5th | D13: ML with Python | E13: Multi-Class EEG Signal Classification Using Machine Learning | F13: 4 | G13: 108002240137 | H13: Rifat Jahan | I13: jahanrifat401@gmail.com | J13: 8918727960
A14: PG-03 | B14: IT, CSE(AIML) | C14: 5th | D14: ML with Python | E14: Multi-Class EEG Signal Classification Using Machine Learning | F14: 5 | G14: 108002240095 | H14: Sanjog Dey | I14: sanjogdey6@gmail.com | J14: 9341369427
A15: PG-04 | B15: CSE(AI&ML), CSE(IOT) | C15: 5th | D15: ML with Python | E15: EV BATTERY LIFE PREDICTION | F15: 1 | G15: 108308240007 | H15: Ankit Debnath | I15: ashokedebnath999@gmail.com | J15: 8013589931
A16: PG-04 | B16: CSE(AI&ML), CSE(IOT) | C16: 5th | D16: ML with Python | E16: EV BATTERY LIFE PREDICTION | F16: 2 | G16: 108308240006 | H16: Anish Kumar Burnwal | I16: anishkumarburnwal9@gmail.com | J16: 7908715319
... A52: PG-12 | B52: IT | C52: 5th | D52: ML with Python | E52: MANAS : A MACHINE LEARNING BASED MENTAL HEALTH SCORING SYSTEM | F52: 5 | G52: 108002240098 | H52: SAYONDEEP MONDAL | I52: mrsayonnn9@gmail.com | J52: 6294753816

Sheet Original Data
A1: ORIGINAL UPLOADED DATA
A2: The original wide-format information is preserved below for reference.
A4: Enter Department | B4: Enter Semester number | C4: Enter Technology of your Project | D4: Enter Selected Project Title | E4: Enter University Roll Number | F4: Enter Name | G4: Enter Email ID | H4: Enter Contact Number | I4: Enter University Roll Number2 | J4: Enter Name2 | K4: Enter Email ID2 | L4: Enter Contact Number2 | M4: Enter University Roll Number3 | N4: Enter Name3 | O4: Enter Email ID3 | P4: Enter Contact Number3 | Q4: Enter University Roll Number4 | R4: Enter Name4 | S4: Enter Email ID4 | T4: Enter Contact Number4 | U4: Enter University Roll Number5 | V4: Enter Name5 | W4: Enter Email ID5 | X4: Enter Contact Number5 | Y4: Enter University Roll Number6 | Z4: Enter Name6 | AA4: Enter Email ID6 | AB4: Enter Contact Number6
A5: CSE(AIML) | B5: 5th | C5: ML with Python | D5: Behind the Feed: Multimodal Machine Learning for Mental Health Detection on Social Media | E5: 108308240010 | F5: ANURUPA TEWARY | G5: tewaryanurupa@gmail.com | H5: 9339609081 | I5: 108308240057 | J5: Puja Sinha | K5: pujasinha1607@gmail.com | L5: 9942545845
A6: CSE(AIML) | B6: 5th | C6: ML with Python | D6: DepositIQ: Data-Leakage- Aware & Bank Deposit Predictor | E6: 108308240005 | F6: Ananya Brahma | G6: ananyabrahma79@gmail.com | H6: 8240762628 | I6: 108308240024 | J6: Obaidullah Ansari | K6: obaidullahansari211@gmail.com | L6: 9134123943 | M6: 108308240047 | N6: Aryan Baitha | O6: aryan10killer@gmail.com | P6: 8918380212
A7: IT,CSE(AIML) | B7: 5th | C7: ML with Python | D7: Multi-Class EEG Signal Classification Using Machine Learning | E7: 108002240118 | F7: Surabhi Bharati | G7: bharatisurabhi92@gmail.com | H7: 9932005505 | I7: 108002240101 | J7: Shiwangi Chaudhary | K7: shiwangi06006@gmail.com | L7: 8757989850 | M7: 108308240009 | N7: Anshika Raj | O7: anshikabytes@gmail.com | P7: 7004821459 | Q7: 108002240137 | R7: Rifat Jahan | S7: jahanrifat401@gmail.com | T7: 8918727960 | U7: 108002240095 | V7: Sanjog Dey | W7: sanjogdey6@gmail.com | X7: 9341369427
A8: CSE(AI&ML) , CSE(IOT) | B8: 5th | C8: ML with Python | D8: EV BATTERY LIFE PREDICTION | E8: 108308240007 | F8: Ankit Debnath | G8: ashokedebnath999@gmail.com | H8: 8013589931 | I8: 108308240006 | J8: Anish Kumar Burnwal | K8: anishkumarburnwal9@gmail.com | L8: 7908715319 | M8: 108309240026 | N8: SRIJAN SAHA | O8: sahasrijan34@gmail.com | P8: 7384438790
A9: IT | B9: 5th | C9: ML with Python | D9: AI-Powered Network Intrusion Detection & Threat Analysis | E9: 108002240083 | F9: Rishika Kaur | G9: kaurrishika377@gmail.com | H9: 8944871235 | I9: 108002240080 | J9: Rima Mondal | K9: aec.it.rima@gmail.com | L9: 8927953840 | M9: 108002240055 | N9: Himesh Kumar Singh | O9: himeshkumarsingh0@gmail.com | P9: 8927054895 | Q9: 108002240077 | R9: Priyanshu Piyush | S9: rritu0783@gmail.com | T9: 7544093260 | U9: 108002240051 | V9: Gaurav Abhishek | W9: gauravabhishek6580@gmail.com | X9: 9625059895
A10: IT | B10: 5th | C10: ML with Python | D10: TerraShift— Explore how small changes can reshape our world. | E10: 108002240127 | F10: Zayed Ahmed | G10: zadahmed745@gmail.com | H10: 9031910550 | I10: 108308240045 | J10: Amitesh Raj Ranjan | K10: amiteshrajranjan24@gmail.com | L10: 8340763341 | M10: 108308240030 | N10: Riyan Reza | O10: lorditshis@gmail.com | P10: 6206549047 | Q10: 108002240139 | R10: Sarfaraj Alam | S10: sarfarajalam03057@gmail.com | T10: 6295252225 | U10: 108002240040 | V10: Ayush Pratap | W10: ayushpratap291@gmail.com | X10: 9155458468
A11: CSE(AIML) | B11: 5th | C11: ML with Python | D11: SPAM EMAIL DETECTION | E11: 108308240028 | F11: RAGHAW CHOWDHARY | G11: raghawchowdhary@gmail.com | H11: 7699575827 | I11: 108308240008 | J11: ANKIT RAJ | K11: swankitburnwal@gmail.com | L11: 7797563797 | M11: 108308240056 | N11: PIYUSH RAJ YADAV | O11: piyushsocial224@gmail.com | P11: 7908384224 | Q11: 108308240015 | R11: BITTU MONDAL | S11: mondalbittu1111@gmail.com | T11: 9798000924
A12: IT | B12: 5th | C12: ML with Python | D12: Obesity Level Prediction Using Machine Learning Based on Eating Habits and Physical Activity | E12: 108002240012 | F12: Amit Kumar Sharma | G12: amitxinfinity@gmail.com | H12: 9475306664 | I12: 108002240004 | J12: Aditya Kumar Singh | K12: adityasinghsingh1111@gmail.com | L12: 9508352712 | M12: 108002240002 | N12: Abhibrato Chakraborty | O12: roysarmistha40@gmail.com | P12: 8597985836 | Q12: 108002240013 | R12: Amrit Anand | S12: aec.it.amrit@gmail.com | T12: 7319015752
A13: IT | B13: 5th | C13: ML with Python | D13: Fake News Detection Using Machine Learning | E13: 108002240115 | F13: Sumit Bhandari | G13: www.sumitbhandari887@gmail.com | H13: 8918537805
A14: CSE(IOT), AIML, IT | B14: 5th | C14: ML with Python | D14: ClientAnchor : Securing relationships, preventing drift. | E14: 108309240019 | F14: Mohit Yadav | G14: yadavmohit85692@gmail.com | H14: 9064575561 | I14: 108002240042 | J14: Bhagwat Narayan | K14: bhagwatdeepanshu@gmail.com | L14: 9958640238 | M14: 108002240023 | N14: Anurag Singh | O14: aec.it.anuragsingh.23@gmail.com | P14: 6203280804 | Q14: 108002240011 | R14: Ambreen Anjum | S14: ambreenanjum1409@gmail.com | T14: 8389822400 | U14: 108308240017 | V14: Harsh Ray | W14: harshray2007@gmail.com | X14: 9002555217
A15: CSE(AIML) | B15: 5th | C15: ML with Python | D15: "AAVYA" - An Heredity AI — Intergenerational Women's Health Risk Intelligence | E15: 108308240025 | F15: Pratyush Dutta | G15: pratyush00710@gmail.com | H15: 7810983647 | I15: 108308240012 | J15: Ashif Hussain Ansari | K15: ashifhussainansari75@gmail.com | L15: 9339060693 | M15: 108308240026 | N15: Priya Bouri | O15: priyabouri47@gmail.com | P15: 9883648500 | Q15: 108308240060 | R15: Sayan Goswami | S15: sayangoswami9999@gmail.com | T15: 9064293028 | U15: 108308240044 | V15: Amit Mondal | W15: amitbhai194a@gmail.com | X15: 8159031712 | Y15: 108308240033 | Z15: Saptarshi Roy | AA15: saproy400@gmail.com | AB15: 9382752922
A16: IT | B16: 5th | C16: ML with Python | D16: MANAS : A MACHINE LEARNING BASED MENTAL HEALTH SCORING SYSTEM | E16: 108002240111 | F16: SUBHAM PAL | G16: subhampal713334@gmail.com | H16: 9339530803 | I16: 108002240025 | J16: ANWESHA MAJI | K16: anweshamaji1510@gmail.com | L16: 9064092165 | M16: 108002251020 | N16: TUSHAR SINGH | O16: tusharsingh2379@gmail.com | P16: 9832663802 | Q16: 108002240108 | R16: SOUVIK MAJI | S16: majisouvik098@gmail.com | T16: 7001957379 | U16: 108002240098 | V16: SAYONDEEP MONDAL | W16: mrsayonnn9@gmail.com | X16: 6294753816
